{
  "lc": "lc2",
  "winner": "zeta250",
  "auto_winner": "zeta250",
  "forced": false,
  "methods": {
    "pv330": {
      "score_C_mean_abs_deg": 1.0118602373582297,
      "score_AC_mean_abs_deg": 0.7320349425658164,
      "n_C": 95,
      "n_AC": 94,
      "score_total": 1.743895179924046
    },
    "zeta250": {
      "score_C_mean_abs_deg": 0.7473906510738024,
      "score_AC_mean_abs_deg": 0.5959760638815433,
      "n_C": 95,
      "n_AC": 85,
      "score_total": 1.3433667149553457
    },
    "theta_pv2": {
      "score_C_mean_abs_deg": 9.65897950463452,
      "score_AC_mean_abs_deg": 3.7983671977192723,
      "n_C": 64,
      "n_AC": 92,
      "score_total": 13.457346702353792
    }
  },
  "metric": "mean |\u0394\u03b8_obs - \u0394\u03b8_pred| per step, wrapped to (-90,90]"
}